,Names,Total_shipped,Total_sales
0,Mario Kart 7 Read the review,18.98m,
1,Pokémon X/Y Read the review,16.68m,
2,Pokémon Sun/Moon,16.30m,
3,Pokémon Omega Ruby/Pokémon Alpha Sapphire,14.57m,
4,New Super Mario Bros. 2 Read the review,13.41m,
5,Animal Crossing: New Leaf Read the review,13.04m,
6,Super Mario 3D Land Read the review,12.87m,
7,Super Smash Bros. for 3DS Read the review,9.64m,
8,Pokémon: Ultra Sun and Ultra Moon,9.15m,
9,Yokai Watch 2: Bony Spirits / Fleshy Souls / Psychic Specters,7.30m,
10,Tomodachi Life,6.72m,
11,Luigi's Mansion: Dark Moon Read the review,6.47m,
12,The Legend of Zelda: Ocarina of Time 3D Read the review,6.40m,
13,The Legend of Zelda: Ocarina of Time 3D,5.62m,
14,Nintendogs + cats Read the review,4.68m,
15,Monster Hunter Generations,4.30m,
16,The Legend of Zelda: A Link Between Worlds Read the review,4.24m,
17,Monster Hunter 4 Ultimate,4.20m,
18,Monster Hunter 4,4.10m,
19,Super Mario Maker,3.79m,
20,Animal Crossing: Happy Home Designer,3.51m,
21,The Legend of Zelda: Majora's Mask 3D Read the review,3.43m,
22,Fire Emblem Fates,3.05m,
23,Yokai Watch,2.97m,
24,Mario Party: Island Tour Read the review,2.95m,
25,Donkey Kong Country Returns 3D Read the review,2.93m,
26,Mario & Luigi: Dream Team Read the review,2.68m,
27,Kirby: Triple Deluxe,2.65m,
28,Monster Hunter 3G,2.60m,
29,Paper Mario: Sticker Star Read the review,2.48m,
30,Yokai Watch Blasters: Red Cat Corps / White Dog Squad,2.37m,
31,Fire Emblem: Awakening Read the review,2.35m,
32,Yokai Watch 3: Sushi / Tempura / Sukiyaki,2.21m,
33,Yoshi's New Island Read the review,2.05m,
34,LEGO City Undercover: The Chase Begins,2.04m,
35,Dragon Quest XI,,1.82m
36,Monster Hunter Double Cross,1.80m,
37,Tomodachi Collection: New Life,,1.69m
38,Pokémon Super Mystery Dungeon,1.66m,
39,Kirby: Planet Robobot,1.61m,
40,Dragon Quest VII: Fragments of the Forgotten Past,1.60m,
41,Mario Tennis Open Read the review,1.58m,
42,Puzzle & Dragons,1.50m,
43,Professor Layton and the Mask of Miracle Read the review,1.48m,
44,Style Savvy: Trendsetters,1.44m,
45,Style Savvy: Fashion Forward,1.41m,
46,Bravely Default: Flying Fairy Read the review,1.40m,
47,Pokémon Rumble Blast Read the review,1.40m,
48,Pokémon Mystery Dungeon: Gates to Infinity,1.38m,
49,Kid Icarus: Uprising Read the review,1.36m,
0,The Legend of Zelda: Tri Force Heroes,1.36m,
1,Kingdom Hearts 3D: Dream Drop Distance Read the review,1.30m,
2,Super Street Fighter IV: 3D Edition Read the review,1.30m,
3,Miitopia,1.22m,
4,Mario & Sonic at the London 2012 Olympic Games Read the review,,1.19m
5,Dragon Quest VIII: Journey of the Cursed King,,1.15m
6,LEGO Star Wars III: The Clone Wars,,1.14m
7,Fantasy Life,1.11m,
8,Mario & Luigi: Paper Jam,1.08m,
9,Sonic Generations,,1.06m
10,Star Fox 64 3D Read the review,1.06m,
11,Lego Marvel Super Heroes: Universe in Peril,,1.05m
12,Rhythm Heaven Megamix,1.02m,
13,Monster Strike 3DS,1.00m,
14,PilotWings Resort Read the review,,0.96m
15,Harvest Moon 3D: A New Beginning,,0.95m
16,Dragon Quest Monsters: Terry's Wonderland 3D,0.90m,
17,Resident Evil: Revelations Read the review,,0.89m
18,Mario Party: Star Rush,,0.87m
19,LEGO Batman 2: DC Super Heroes,,0.86m
20,LEGO Jurassic World,,0.85m
21,Professor Layton vs Ace Attorney,,0.82m
22,Yokai Watch 3: Sukiyaki,,0.81m
23,Professor Layton and the Azran Legacy,,0.81m
24,Dragon Quest Monsters 2,,0.79m
25,The Sims 3,,0.77m
26,Fire Emblem Echoes: Shadows of Valentia,,0.75m
27,The LEGO Movie Videogame,,0.72m
28,Mario & Sonic at the Rio 2016 Olympic Games,,0.70m
29,Bravely Second: End Layer,0.70m,
30,Monster Hunter Stories,,0.70m
31,Mario Party: The Top 100,,0.69m
32,Rune Factory 4,,0.68m
33,Frozen: Olaf's Quest,,0.68m
34,Angry Birds Trilogy,,0.65m
35,Dragon Quest Monsters Joker 3,,0.65m
36,Rayman 3D Read the review,,0.64m
37,Scribblenauts: Unlimited,,0.64m
38,LEGO Pirates of the Caribbean: The Video Game,,0.63m
39,Cooking Mama 4: Kitchen Magic! Read the review,,0.63m
40,Tousouchuu: Shijou Saikyou no Hunter-Tachi Kara Nigekire!,,0.62m
41,Shin Megami Tensei IV Read the review,0.60m,
42,Final Fantasy Explorers,,0.59m
43,Skylanders: Spyro's Adventure,,0.58m
44,Disney Magic World 2,,0.58m
45,Yokai Sangokushi,,0.57m
46,Xenoblade Chronicles,,0.56m
47,Puzzle & Dragons Z + Super Mario Bros. Edition,,0.56m
48,Metroid: Samus Returns,,0.56m
49,Layton's Mystery Journey: Katrielle and the Millionaire's Conspiracy,,0.55m
0,Inazuma Eleven GO: Dark / Shine,,0.55m
1,Poochy & Yoshi's Woolly World,,0.55m
2,Dragon Ball: Fusions,,0.54m
3,FIFA 15,,0.52m
4,Run for Money Tousouchuu,0.52m,
5,Lego Batman 3: Beyond Gotham,,0.51m
6,Mario & Luigi Superstar Saga + Bowser's Minions,,0.51m
7,Yokai Watch Busters 2: Hihou Densetsu Banbarayaa - Magnum / Sword,,0.51m
8,Shovel Knight,0.50m,
9,Disney Magic Castle: My Happy Life,0.50m,
10,Hometown Story,,0.50m
11,Pokémon Art Academy,,0.50m
12,Epic Mickey: Power of Illusion,,0.50m
13,Super Monkey Ball 3D,,0.50m
14,Steel Diver,,0.50m
15,Resident Evil: The Mercenaries 3D Read the review,,0.49m
16,Story of Seasons: Trio of Towns,,0.49m
17,Mario Golf: World Tour Read the review,,0.49m
18,Asphalt 3D Read the review,,0.49m
19,Art Academy: Lessons for Everyone!,,0.49m
20,Hyrule Warriors Legends,,0.49m
21,Sonic Lost World,,0.48m
22,Luigi's Mansion,,0.47m
23,Taiko no Tatsujin: Chibi Dragon to Fushigi na Orb,0.47m,
24,Detective Pikachu Read the review,,0.47m
25,Inazuma Eleven Go: Chrono Stone - Wildfire / Thunderflash,,0.47m
26,Mario Sports Superstars,,0.46m
27,Attack on Titan: The Last Wings of Mankind,,0.45m
28,Style Savvy: Styling Star,,0.45m
29,Shin Megami Tensei: Devil Survivor Overclocked,,0.44m
30,Hey! Pikmin,,0.44m
31,Tetris Axis Read the review,,0.44m
32,Story of Seasons,,0.44m
33,Fossil Fighters: Frontier,,0.42m
34,LEGO The Lord of the Rings,,0.41m
35,Madden NFL Football,,0.41m
36,LEGO Harry Potter: Years 5-7,,0.41m
37,Theatrhythm Final Fantasy: Curtain Call,,0.41m
38,Project X Zone Read the review,0.40m,
39,Momotaro Dentetsu 2017: Tachiagare Nippon!!,,0.40m
40,Combat of Giants: Dinosaurs 3D,,0.39m
41,FIFA Soccer 12 Read the review,,0.39m
42,One Piece Unlimited World: Red Read the review,,0.39m
43,Metal Gear Solid: Snake Eater 3D,,0.39m
44,Raving Rabbids: Travel in Time 3D,,0.38m
45,Phoenix Wright: Ace Attorney - Dual Destinies Read the review,,0.38m
46,Pro Evolution Soccer 2011 3D,,0.38m
47,Hatsune Miku: Project Mirai DX,,0.38m
48,Minecraft,,0.37m
49,Shin Megami Tensei IV: Apocalypse,,0.37m
0,Sentouchu: Densetsu no Shinobi to Survival Battle!,,0.36m
1,Harvest Moon: The Tale of Two Towns,,0.36m
2,Disney Infinity,,0.35m
3,Dragon Ball Z: Extreme Butoden,,0.35m
4,Lego Legends of Chima: Laval's Journey,,0.34m
5,Angry Birds: Star Wars,,0.34m
6,Tom Clancy's Ghost Recon: Shadow Wars,,0.34m
7,Skylanders: Trap Team,,0.34m
8,Dragon Ball Heroes: Ultimate Mission 2,,0.34m
9,Ultimate NES Remix Read the review,,0.33m
10,Kirby: Battle Royale,,0.33m
11,Taiko Drum Master: Don and Katsu's Space-Time Great Adventure,,0.33m
12,Chibi-Robo! Zip Lash,,0.32m
13,Puzzle & Dragons X: God Chapter / Dragon Chapter,,0.32m
14,Bust-A-Move Universe,,0.31m
15,Dead or Alive: Dimensions,0.31m,
16,LEGO Ninjago: Shadow of Ronin,,0.31m
17,Tom Clancy's Splinter Cell 3D,,0.30m
18,LEGO Marvel's Avengers,,0.30m
19,Sonic & Sega All-Stars Racing Transformed,,0.30m
20,FIFA 13,,0.30m
21,Phoenix Wright: Ace Attorney: Spirit of Justice,,0.29m
22,Sonic Boom: Shattered Crystal,,0.29m
23,The Legend of Legacy,,0.29m
24,Dragon Ball Heroes: Ultimate Mission,,0.29m
25,Ever Oasis,,0.29m
26,Culdcept,,0.29m
27,WarioWare Gold,,0.28m
28,Moshi Monsters: Moshlings Theme Park,,0.28m
29,How to Train Your Dragon 2,,0.28m
30,Lego Star Wars: The Force Awakens,,0.28m
31,Etrian Mystery Dungeon,,0.28m
32,Kobitodzukan: Kobito Kansatsu Set,,0.28m
33,Rhythm Thief & the Emperor's Treasure,,0.28m
34,Batman: Arkham Origins Blackgate,,0.27m
35,Etrian Odyssey V: Beyond the Myth,,0.27m
36,Brain Age: Concentration Training,,0.27m
37,Skylanders SWAP Force,,0.27m
38,The Snack World: TreJarers,,0.27m
39,Aikatsu! 2-nin no My Princess,,0.27m
40,Etrian Odyssey: Millennium Girl,,0.26m
41,Inazuma Eleven GO 3: Galaxy - Big Bang / Supernova,,0.26m
42,Stella Glow,,0.26m
43,Mega Man Legacy Collection,,0.26m
44,Samurai Warriors Chronicles Read the review,0.26m,
45,FIFA 14,,0.26m
46,Zoo Resort 3D,,0.26m
47,Sonic Boom: Fire & Ice,,0.25m
48,LEGO The Hobbit,,0.25m
49,Ace Combat: Assault Horizon Legacy,,0.25m
0,Spirit Camera: The Cursed Memoir Read the review,,0.25m
1,Azure Striker Gunvolt,0.25m,
2,Persona Q: Shadow of the Labyrinth,0.25m,
3,7th Dragon III Code: VFD,,0.24m
4,Dragon Ball Heroes: Ultimate Mission X,,0.24m
5,Wipeout 2,,0.23m
6,WWE All Stars,,0.23m
7,Harvest Moon: The Land of Origin,,0.23m
8,Cars 2,,0.23m
9,Shinobi Read the review,,0.23m
10,Hatsune Miku: Project Mirai 2,,0.23m
11,Pokémon Gold/Pokémon Silver,,0.22m
12,Code Name: S.T.E.A.M.,,0.22m
13,Sumikko Gurashi: Mura o Tsukurundesu,,0.22m
14,Transformers: Dark of the Moon,,0.22m
15,Return to PopoloCrois: A Story of Seasons Fairytale,,0.22m
16,WipeOut 3 The Game,,0.22m
17,Magician's Quest: Town of Magic,,0.21m
18,Radiant Historia: Perfect Chronology,,0.21m
19,Frogger 3D,,0.21m
20,Tekken 3D: Prime Edition Read the review,,0.21m
21,One Piece Unlimited Cruise SP,0.21m,
22,The Amazing Spider-Man (2012) Read the review,,0.21m
23,LBX: Little Battlers eXperience,,0.21m
24,Dragon Quest Monsters: Joker 3 - Professional,,0.20m
25,Disney Art Academy,,0.20m
26,Code of Princess Read the review,,0.20m
27,Skylanders: SuperChargers Racing,,0.20m
28,Shin Megami Tensei: Strange Journey Redux Read the review,,0.20m
29,Aikatsu! Cinderella Lesson,,0.20m
30,Nascar Unleashed,,0.19m
31,Need for Speed: The Run,,0.19m
32,Pac-Man & Galaga Dimensions,,0.19m
33,New Love Plus,,0.19m
34,Pet Zombies,,0.19m
35,The Great Ace Attorney - The Adventures of Ryuunosuke Naruhodou,,0.19m
36,SpongeBob SquigglePants 3D,,0.19m
37,Kuma-Tomo,,0.19m
38,Project X Zone 2,,0.19m
39,Captain Toad: Treasure Tracker,,0.19m
40,Transformers: Prime Read the review,,0.19m
41,Reel Fishing Paradise 3D,,0.19m
42,Pro Evolution Soccer 2014,,0.19m
43,Daigasso! Band Brothers P,,0.19m
44,Hatsune Miku and Future Stars: Project Mirai,,0.18m
45,Big Hero 6: Battle in the Bay,,0.18m
46,Super Robot Wars UX,,0.18m
47,Senran Kagura 2: Deep Crimson,,0.18m
48,Sumikko Gurashi: Koko ga Ochitsukundesu,,0.18m
49,Pro Evolution Soccer 2013,,0.18m
0,Yu-Gi-Oh! Zexal Clash! Duel Carnival!,,0.18m
1,Michael Jackson: The Experience 3D,,0.17m
2,Dragon Quest X,,0.17m
3,Harvest Moon: The Lost Valley,,0.17m
4,F1 2011,,0.17m
5,Doctor Lautrec and the Forgotten Knights Read the review,,0.17m
6,Sumikko Gurashi: Omise Hajimerundesu,,0.17m
7,Theatrhythm Dragon Quest,,0.16m
8,SD Gundam G Generation 3D,,0.16m
9,Adventure Time: Explore the Dungeon Because I Don't Know!,,0.16m
10,Pro Yakyuu Famista Returns,,0.16m
11,James Noir's Hollywood Crimes,,0.16m
12,Naruto Powerful Shippuden,,0.16m
13,Castlevania: Lords of Shadow - Mirror of Fate Read the review,,0.16m
14,The Adventures of Tintin: The Game,,0.16m
15,Skylanders Giants Read the review,,0.16m
16,Toriko: Gourmet Monsters!,,0.16m
17,Senran Kagura: Shoujotachi no Shinei,,0.16m
18,Crush3D Read the review,,0.15m
19,Fire Emblem Warriors,,0.15m
20,Rayman Origins,,0.15m
21,Derby Stallion Gold,,0.15m
22,Ben 10 Galactic Racing,,0.15m
23,Etrian Odyssey IV: Legends of the Titan,0.15m,
24,Tales of the Abyss Read the review,0.15m,
25,Theatrhythm: Final Fantasy Read the review,0.15m,
26,Monster Hunter Diary: Poka Poka Airou Village DX,,0.15m
27,Hoppechan: Tsukutte! Asonde! Punipuni Town!!,,0.15m
28,Imagine: Fashion Designer,,0.15m
29,Metroid Prime: Federation Force,,0.15m
30,Pac-Man Party 3D,,0.15m
31,Cave Story 3D,,0.15m
32,Farming Simulator 2012,,0.14m
33,Etrian Odyssey 2 Untold: Knight of Fafnir,,0.14m
34,Senran Kagura Burst,,0.14m
35,Run for Money CHO Tousouchuu,,0.14m
36,Taiko no Tatsujin: Don Don! Mystery Adventure,,0.14m
37,Assassination Classroom: Grand Siege on Korosensei,,0.14m
38,BIT.TRIP SAGA Read the review,,0.14m
39,Jikkyou Powerful Pro Baseball Heroes,,0.14m
40,Medalot 7,,0.13m
41,Teenage Mutant Ninja Turtles: Danger of the Ooze,,0.13m
42,The Oregon Trail,,0.13m
43,Pro Baseball Famista Climax,,0.13m
44,Super Robot Wars BX,,0.13m
45,Gotouchi Tetsudou: Gotouchi Kyara to Nihon Zenkoku no Tabi,,0.13m
46,Aikatsu! 365 Idol Days,,0.13m
47,Green Lantern: Rise of the Manhunters,,0.13m
48,Slime MoriMori Dragon Quest 3: Taikaizoku to Shippo Dan,,0.13m
49,Heroes of Ruin,0.13m,
0,Puyo Puyo!! 20th Anniversary,,0.13m
1,Puppies 3D,,0.13m
2,Corpse Party: Back to School Edition,,0.13m
3,Little Battlers eXperience: Wars,,0.13m
4,Shin Megami Tensei: Devil Survivor 2 Record Breaker Read the review,,0.13m
5,PriPara Mezase! Idol Grand Prix No.1!,,0.13m
6,Zero Escape: Zero Time Dilemma,,0.12m
7,Farming Simulator 18,,0.12m
8,Terraria,,0.12m
9,One Piece: Super Grand Battle! X,,0.12m
10,Conception II: Children of the Seven Stars,,0.12m
11,"Sumikko Gurashi: Koko, Dokonan Desu?",,0.12m
12,Picross 3D Round 2,,0.12m
13,Pokémon Crystal Version,,0.12m
14,The Great Ace Attorney 2 - The Resolve of Ryuunosuke Naruhodou Read the review,,0.12m
15,DreamWorks Super Star Kartz,,0.12m
16,Deca Sports Extreme,,0.12m
17,Spider-Man: Edge of Time,,0.12m
18,Jaws: Ultimate Predator,,0.12m
19,Brunswick Pro Bowling Read the review,,0.12m
20,Nintendo Pocket Football Club,,0.12m
21,Funky Barn,,0.12m
22,Puyo Puyo Tetris,,0.11m
23,The Alliance Alive Read the review,,0.11m
24,NCIS 3D,,0.11m
25,Pinball Hall of Fame: The Williams Collection Read the review,,0.11m
26,Happy Feet Two,,0.11m
27,DualPenSports,,0.11m
28,Gabrielle's Ghostly Groove 3D,,0.11m
29,Tales of the World: Tactics Union,,0.11m
30,AKB48+Me,,0.11m
31,Pokémon Rumble World,,0.11m
32,BlazBlue: Continuum Shift II,,0.11m
33,Naruto Shippuden 3D: The New Era,,0.11m
34,Adventure Time: Finn & Jake Investigations,,0.11m
35,Etrian Odyssey Nexus,,0.11m
36,Little Battlers eXperience W Super Custom,,0.10m
37,Samurai Warriors Chronicles 2nd,,0.10m
38,Marvel Super Hero Squad: The Infinity Gauntlet,,0.10m
39,Generator Rex: Agent of Providence,,0.10m
40,Scribblenauts Unmasked: A DC Comics Adventure,,0.10m
41,Thor: God of Thunder,,0.10m
42,Cubic Ninja,,0.10m
43,Kuroko no Basuke: Miracles to Victory,,0.10m
44,Cartoon Network: Punch Time Explosion,,0.10m
45,Kuroko's Basketball: Ties to Future,,0.10m
46,Persona Q2: New Cinema Labyrinth,,0.10m
47,Shantae and the Pirate's Curse,,0.10m
48,PAC-MAN and the Ghostly Adventures,,0.10m
49,Disney Planes Fire & Rescue,,0.10m
0,Everyday House Tamagotchi,,0.09m
1,Inazuma Eleven 3: Lighting Bolt / Bomb Blast,,0.09m
2,Harvest Moon: Skytree Village,,0.09m
3,Carnival Games: Wild West 3D,,0.09m
4,Driver: Renegade,,0.09m
5,Beyblade Evolution,,0.09m
6,The Seven Deadly Sins: Unjust Sin,,0.09m
7,Cardfight!! Vanguard: Ride to Victory!!,,0.09m
8,Brain Age: Concentration Training,,0.09m
9,Ridge Racer 3D Read the review,0.09m,
10,Shin Megami Tensei: Devil Summoner: Soul Hackers Read the review,0.09m,
11,Beyblade Burst,,0.09m
12,Mahjong Cub3D,,0.09m
13,Aikatsu! My No.1 Stage!,,0.09m
14,Digimon World Re:Digitize Decode,,0.09m
15,Captain America: Super Soldier,,0.09m
16,Nikoli's Pencil Puzzle,,0.09m
17,Lost Heroes,,0.09m
18,Nano Assault Read the review,,0.08m
19,Face Racers: Photo Finish,,0.08m
20,Kamen Rider Travelers Record,,0.08m
21,Samurai Warriors Chronicles 3,,0.08m
22,Gundam the 3D Battle,,0.08m
23,Pretty Rhythm Rainbow Live: Kira Kira My * Design,,0.08m
24,Adventure Time: The Secret of the Nameless Kingdom,,0.08m
25,The Hidden,,0.08m
26,Pretty Rhythm: My Deco Rainbow Wedding,,0.08m
27,Puzzler Mind Gym 3D,,0.08m
28,Kenka Banchou 6: Soul & Blood,,0.08m
29,One Piece: Romance Dawn Read the review,,0.08m
30,Kobitodzukan: Kobito no Fushigi - Jikken Set,,0.08m
31,Pac-Man and the Ghostly Adventures 2,,0.08m
32,Doraemon: Nobita and the Island of Miracles,,0.08m
33,Medabots Dual: Kabuto / Kuwagata,,0.08m
34,Medabots 8,,0.08m
35,Future Card Buddyfight: Yuujou no Bakunetsu Fight!,,0.08m
36,Ansatsu Kyoushitsu: Assassin Ikusei Keikaku!!,,0.08m
37,12-Sai. Koisuru Diary,,0.08m
38,Dangerous Ji-San to 1000-nin no Otomodachi Yokoshima,,0.08m
39,Lost Heroes 2,,0.08m
40,Mario vs. Donkey Kong: Tipping Stars,,0.08m
41,Hero Bank,,0.08m
42,Disney's Planes,,0.08m
43,Nicola Kanshuu: Model Oshare * Audition Platinum,,0.08m
44,Culdcept Revolt,,0.07m
45,Touch Detective: Nameko Shigeru,,0.07m
46,Hoppechan: Minna de Odekake! Waku Waku Hoppe Land!!,,0.07m
47,Dream Trigger 3D,,0.07m
48,Model * Oshare Audition: Dream Girl,,0.07m
49,J Legend Retsuden,,0.07m
0,Haikyuu!! Tsunage! Itadaki no Keshiki!!,,0.07m
1,Petz Fantasy 3D,,0.07m
2,E.X. Troopers,,0.07m
3,Cho~ricchi! Tamagotchi no Puchi Puchi Omisecchi,,0.07m
4,12-Sai. Honto no Kimochi,,0.07m
5,Magi: The Labyrinth of Beginning,,0.07m
6,Doraemon: Nobita no Uchuu Eiyuuki,,0.07m
7,Attack on Titan 2: Future Coordinates,,0.07m
8,Transformer: Rise of the Dark Spark,,0.07m
9,Cut the Rope: Triple Treat,,0.07m
10,Pro Yakyuu Spirits 2011,,0.07m
11,Cooking Mama: Sweet Shop,,0.07m
12,Doraemon: Nobita to Himitsu Dougu Hakubutsukan,,0.07m
13,Mobile Suit Gundam: Try Age SP,,0.07m
14,"Horrid Henry: The Good, The Bad and The Bugly",,0.07m
15,PriPara Mezameyo! Megami no Dress Design,,0.07m
16,Nazotoki Battle Tore! Densetsu no Makyuu o Fukkatsu Saseyo!,,0.07m
17,Penguins of Madagascar,,0.07m
18,Chou Sentouchuu: Kyuukyoku no Shinobu to Battle Player Choujou Kessen!,,0.07m
19,Cardfight!! Vanguard: Lock On Victory!!,,0.07m
20,Phoenix Wright: Ace Attorney Trilogy,,0.07m
21,RPG Maker: Fes,,0.07m
22,Downtown no Gaki no Tsukai Yaarahen de!! Zettai ni Tsukamatte Haikenai Gasu Kurobikari Land,,0.06m
23,Moshi Monsters: Katsuma Unleashed,,0.06m
24,Game Center CX: 3-Choume no Arino,,0.06m
25,The Amazing Spider-Man 2 (2014),,0.06m
26,Dynasty Warriors Vs,,0.06m
27,A-Train 3D: City Simulator,,0.06m
28,Crayon Shin-chan: Arashi o Yobu Kasukabe Eiga Stars!,,0.06m
29,Lord of Magna: Maiden Heaven,,0.06m
30,Nicola Kanshuu: Model * Oshare Audition 2,,0.06m
31,Nicktoons MLB 3D,,0.06m
32,Cartoon Network: Battle Crashers,,0.06m
33,LEGO Friends,,0.06m
34,SpongeBob SquarePants: Plankton's Robotic Revenge,,0.06m
35,New Prince of Tennis: Go to the Top,,0.06m
36,Magi: Aratanaru Sekai,,0.06m
37,Smile PreCure! Let's Go! Marchen World,,0.06m
38,Toriko: Gourmet Battle!,,0.06m
39,Metal Max 4: Gekkou no Diva,,0.06m
40,Cardfight!! Vanguard G: Stride to Victory!!,,0.06m
41,Monster High: New Ghoul in School,,0.06m
42,Etrian Mystery Dungeon 2,,0.06m
43,Girls RPG: Cinderellife,,0.06m
44,All Kamen Rider: Rider Revolution,,0.06m
45,Yuugen Gaisha Brave Company,,0.06m
46,Ken to Mahou to Gakuen Mono. 3D,,0.06m
47,Pro Yakyuu Famista 2011,,0.06m
48,Goosebumps: The Game,,0.06m
49,Doraemon: Shin Nobita no Nihon Tanjou,,0.05m
0,Haikyu!! Cross Team Match!,,0.05m
1,Zyuden Sentai Kyoryuger: Game on Gaburincho,,0.05m
2,Minna no Ennichi,,0.05m
3,Sega 3D Classics Collection,,0.05m
4,Rodea the Sky Soldier,,0.05m
5,Hero Bank 2,,0.05m
6,My Hero Academia: Battle for All,,0.05m
7,Mahjong 3D: Warriors of the Emperor,,0.05m
8,Guild 01,,0.05m
9,Corpse Party: Blood Covered - Repeated Fear,,0.05m
10,Chousoku Henkei Gyrozetter: Albatross no Tsubasa,,0.05m
11,G1 Grand Prix,,0.05m
12,Yowamushi Pedal Asu e no High Cadence,,0.05m
13,Gaist Crusher,,0.05m
14,Detective Conan: Marionette Symphony,,0.05m
15,Medabots 9: Metabee Ver. / Rokusho Ver.,,0.05m
16,Nobunaga's Ambition II,,0.05m
17,Kung Fu Panda: Showdown of Legendary Legends,,0.05m
18,Centipede: Infestation,,0.05m
19,SpongeBob: HeroPants,,0.05m
20,Jake Hunter Detective Story: Ghost of the Dusk,,0.05m
21,Nazo Waku Yakata: Oto no Ma ni Ma ni,,0.05m
22,Dolly Kanon Dokidoki Tokimeki Himitsu no Ongaku Katsudou Start Desu!!,,0.04m
23,Beyblade Burst: God,,0.04m
24,Nobunaga's Ambition (2013),,0.04m
25,Gem Smashers,,0.04m
26,Doraemon: Shin Nobita no Daimakyou Peko to 5-nin no Tankenta,,0.04m
27,Riding Stables: The Whitakers present Milton and Friends,,0.04m
28,Langrisser: Re:Incarnation Tensei,,0.04m
29,Idol Time PriPara: Yume All-Star Live!,,0.04m
30,DoraMoji: Nobita no Kanji Daisakusen,,0.04m
31,Horses 3D,,0.04m
32,Hana to Ikimono Rittai Zukan,,0.04m
33,Doki Doki! Pretty Cure Narikiri Life!,,0.04m
34,Gravity Falls: Legend of the Gnome Gemulets,,0.04m
35,One Piece: Great Pirate Colosseum,,0.04m
36,Bella Sara 2 - The Magic of Drasilmare,,0.04m
37,Cube Creator DX,,0.04m
38,UnchainBlades ReXX,,0.04m
39,Medabots Girls Mission: Metabee Ver. / Rokusho Ver.,,0.04m
40,Time Travelers,,0.04m
41,Thomas and Friends: Steaming around Sodor,,0.04m
42,Dream Girl Premier,,0.04m
43,The Croods: Prehistoric Party!,,0.04m
44,Phoenix Wright: Ace Attorney Trilogy,,0.04m
45,Famicom Remix Best Choice,,0.04m
46,Sushi Striker: The Way of Sushido,,0.04m
47,Romance of the Three Kingdoms II,,0.04m
48,Kawaii Pet to Kurasou! Wan Nyan & Mini Mini Animal,,0.04m
49,Aikatsu Stars! My Special Appeal,,0.04m
0,Gudetama: Hanjuku de Tanomuwa,,0.04m
1,Medarot 9: Kabuto Ver. / Kuwagata Ver.,,0.04m
2,PriPara & Pretty Rhythm: PriPara de Tsukaeru Oshare Item 1450!,,0.04m
3,Attack on Titan: Escape from Certain Death,,0.04m
4,Doraemon the Movie: Nobita no Nankyoku Kachikochi Daibouken,,0.04m
5,Detective Conan: Phantom Rhapsody,,0.04m
6,Paddington: Adventures in London,,0.04m
7,FabStyle,,0.03m
8,Inazuma Eleven 3: Team Ogre Attacks!,,0.03m
9,Deer Drive: Legends,,0.03m
10,Angler's Club: Ultimate Bass Fishing 3D,,0.03m
11,Metal Gear Solid: Snake Eater 3D,,0.03m
12,Shifting World,,0.03m
13,Lego City Undercover: The Chase Begins,,0.03m
14,Romance of the Three Kingdoms V,,0.03m
15,Sayonara Umihara Kawase,,0.03m
16,Barbie and Her Sisters Puppy Rescue,,0.03m
17,Future Card Buddyfight Mezase! Buddy Champion!,,0.03m
18,Tamagotchi no Doki Doki Dream Omisecchi,,0.03m
19,Toushin Toshi,,0.03m
20,Beyond the Labyrinth,,0.03m
21,Cooking Mama 5,,0.03m
22,Toriko: Ultimate Survival,,0.03m
23,Onna no Ko to Misshitsu ni Itara **shichau Kamoshirenai,,0.03m
24,Disney Epic Mickey: The Power of Illusion Read the review,,0.03m
25,Power Rangers Super Megaforce,,0.03m
26,Zero Escape: Virtue's Last Reward,,0.03m
27,HappinessCharge PreCure! Kawarun Collection,,0.03m
28,100% Pascal Sensei: Kanpeki Paint Bombers,,0.03m
29,Puyo Puyo Chronicle,,0.03m
30,Young Justice: Legacy,,0.03m
31,Kyokugen Dasshutsu ADV: Zennin Shiboudesu,,0.03m
32,Azada,,0.03m
33,Teddy Together,,0.03m
34,Medabots Classics: Metabee Ver. / Rokusho Ver.,,0.03m
35,Azure Striker Gunvolt: Striker Pack,,0.03m
36,The Peanuts Movie: Snoopy's Grand Adventure,,0.03m
37,Pro Evolution Soccer 2012,,0.03m
38,Shin Megami Tensei: Devil Survivor Overclocked Read the review,,0.03m
39,Nekketsu Kouha Kunio-Kun SP Kyousoukyoku,,0.03m
40,River City Ransom SP,,0.03m
41,Niko Puchi Girls Runway,,0.03m
42,The Legend of Korra A New Era Begins,,0.03m
43,Doraemon: Nobita no Takarajima,,0.03m
44,Akogare Girls Collection: Wan Nyan Doubutsu Byouin - Suteki na Juui-San ni Narou!,,0.03m
45,Osomatsu-San: Matsu Matsuri!,,0.02m
46,Manga-ka Debut Monogatari: Suteki na Manga o Egakou,,0.02m
47,Sousaku Alice to Oujisama!,,0.02m
48,Heavy Fire: The Chosen Few 3D,,0.02m
49,UnchainBlades EXXiV,,0.02m
0,Jake Hunter: Round of Revenge,,0.02m
1,Saiki Kusuo no Psi-nan: Shijou Psi-dai no Psi-nan!?,,0.02m
2,Cats Together,,0.02m
3,Tenkai Knights: Brave Battle,,0.02m
4,Crayon Shin-Chan: Uchuu de Achoo!? Yuujou no Oba-Karate!!,,0.02m
5,Downtown Nekketsu Jidaigek,,0.02m
6,Digimon Universe: Appli Monsters,,0.02m
7,Kobito Game Taizen,,0.02m
8,Kunio-kun Nekketsu: Complete Famicom Edition,,0.02m
9,4 Elements,,0.02m
10,Poyopoyo Observation Diary,,0.02m
11,Gon: BakuBakuBakuBaku Adventure,,0.02m
12,Shin Atelier Rorona: Hajimari no Monogatari,,0.02m
13,PachiPara 3D: Ooumi Monogatari 2 - Pachi Pro Fuuunroku Hana - Kibou to Uragiri no Gakuen Seikatsu,,0.02m
14,Ben 10 Omniverse 2,,0.02m
15,BoxBoy! Hakobume Box,,0.02m
16,Turbo: Super Stunt Squad,,0.02m
17,Monster High 13 Wishes,,0.02m
18,Runbow,,0.02m
19,Kamiwaza Wanda: Kira Kira Ichibangai Kikiippatsu!,,0.02m
20,Gaist Crusher God,,0.02m
21,The Great Ace Attorney 1 & 2 Special Edition,,0.02m
22,Mario & Luigi: Paper Jam & Mario Kart 7 Double Pack,,0.02m
23,PachiPara 3D,,0.02m
24,Future Card Buddyfight: Tanjou! Oretachi no Saikyou Body!,,0.02m
25,Adventure Time: The Secret of the Nameless,,0.02m
26,Kaitou Joker: Toki o Koeru Kaitou to Ushinawareta Houseki,,0.01m
27,50 Classic Games,,0.01m
28,Kiniro no Corda 3,,0.01m
29,Order Up!!,,0.01m
30,Tamagotchi no Puchi Puchi Omisechi: Ninki no Omise Atsume Maseta,,0.01m
31,A-Train 3D: City Simulator Neo,,0.01m
32,Stardust Amazoness,,0.01m
33,Fate/kaleid liner Prisma Illya,,0.01m
34,Touch Detective 3: Does Funghi Dream of Bananas?,,0.01m
35,Apollo Justice: Ace Attorney,,0.01m
36,Fujiko F. Fujio Characters: Great Assembly! Slightly Fantastic Slapstick Party,,0.01m
37,Winx Club: Saving Alfea,,0.01m
38,Cake-ya San Monogatari: Ooishii Sweets o Tsukurou!,,0.01m
39,Teenage Mutant Ninja Turtles (3DS),,0.01m
40,Soni Pro,,0.01m
41,Horse Life 4,,0.01m
42,Outdoors Unleashed: Alaska 3D,,0.01m
43,Gardening Mama 2: Forest Friends,,0.01m
44,Exstetra,,0.01m
45,Legends of Oz: Dorothy's Return,,0.01m
46,Balloon Pop 2,,0.01m
47,Nintendogs + Cats Golden Retriever and New Friends,,0.01m
48,Mushibugyo,,0.01m
49,Outdoors Unleashed: Africa 3D,,0.01m
0,12-Sai. Torokeru Puzzle Futari no Harmony,,0.01m
1,LEGO Ninjago Nindroids,,0.01m
2,Megami Meguri,,0.01m
3,Marvel Disk Wars: Avengers - Ultimate Heroes,,0.01m
4,Mario & Luigi: Bowser's Inside Story + Bowser Jr.'s Journey,,0.01m
5,Makai Ouji: Devils and Realist - Dairiou no Hihou,,0.01m
6,Maple Story: Unmei no Shoujo,,0.01m
7,Kouekizaidan Houjin Nihon Kanji Nouryoku Kentei Kyoukai: Kanken Training 2,,0.01m
8,Majin Bone: The Majin of Space and Time,,0.01m
9,Secret Mysteries in London,,0.01m
10,Chibi * Devi!,,0.01m
11,Earthpedia,,0.01m
12,Hakuouki 3D,,0.01m
13,Tetris Ultimate,,0.01m
14,Miracle Tunes! Game de Tune Up! Tabun!,,0.01m
15,Professional Fisherman's Tour: Big Bass Open,,0.01m
16,Kokuga,,0.01m
17,Touch Detective Funghi Rhythm,,0.01m
18,Kouekizaidan Houjin Nihon Kanji Nouryoku Kentei Kyoukai: Kanken Training,,0.01m
19,Sega 3D Classics Collection,,0.01m
20,Regular Show: Mordecai & Rigby in 8-Bit Land,,0.01m
21,Donkey Kong,,0.01m
22,Island Days,,0.00m
23,Hamatora: Look at Smoking World,,0.00m
24,Shin Megami Tensei IV Double Hero Pack,,0.00m
25,Dillon's Dead-Heat Breakers,,0.00m
26,Crayon Shin-Chan Gekiatsu! Oden Wa ~ Rudo Dai Konran!!,,0.00m
27,Pac-Man and the Ghostly Adventures,,0.00m
28,Kobayashi ga Kawai Sugite Tsurai!! Game Demo Kyun Moe Max ga Tomara Nai,,0.00m
29,DreamWorks Madagascar 3: The Video Game,,0.00m
30,Hello Kitty Picnic with Sanrio Friends,,0.00m
31,Sonic & All-Stars Racing Transformed,,0.00m
32,Funfair Party Games,,0.00m
33,Go! Princess PreCure Sugar Oukoku to 6-nin no Princess!,,0.00m
34,Jewel Quest The Sapphire Dragon,,0.00m
35,Farming Simulator 14,,0.00m
36,Puzzle & Dragons: Super Mario Bros. Edition,,0.00m
37,Phineas and Ferb: Quest for Cool Stuff,,0.00m
38,Disney Violetta: Rhythm & Music,,0.00m
39,Arcade 3D,,0.00m
40,The Sims 3: Pets,,0.00m
41,101 Penguin Pets 3D,,
42,101 Pony Pets 3D,,
43,18th Gate,,
44,2 Fast 4 Gnomz,,
45,2 Games in 1 Double Pack: Finding Nemo / Monsters Inc.,,
46,2048,,
47,3 Games in 1: SpongeBob SquarePants: SuperSponge / Rugrats: I Gotta Go Party / Tak and the Power of Juju,,
48,3 Heroes Crystal Soul,,
49,3D Block Kuzushi,,
0,3D Classics: Excite Bike,,
1,3D Classics: Excitebike,,
2,3D Classics: Kid Icarus,,
3,3D Classics: Kirby's Adventure,,
4,3D Classics: TwinBee,,
5,3D Classics: Urban Champion,,
6,3D Classics: Xevious,,
7,40-in-1 Explosive Megamix,,
8,90's Pool,,
9,@Simple DL Series Vol. 1 : THE Misshitsu kara no Dasshutsu: Fushigi na Kumadonaru Burger Hen,,
10,A Boy and His Blob,,
11,Aahh! Spot the Difference,,
12,Aban Hawkins & the 1001 Spikes,,
13,Abyss,,
14,Academy: Checkers,,
15,Accel Knights 2: Full Throttle,,
16,Ace Attorney: Ryuunosuke Wright's Adventure,,
17,Ace Combat: Assault Horizon,,
18,Adventure Island II,,
19,Adventure Island II: Aliens in Paradise,,
20,Adventure Time: Hey Ice King! Why'd You Steal Our Garbage? Read the review,,
21,Aero Porter Read the review,,
22,Air Battle Hockey 3D,,
23,AiRace Speed,,
24,AiRace Xeno,,
25,Akari by Nikoli,,
26,Alien Chaos 3D,,
27,Alien On The Run,,
28,Alleyway,,
29,American Mensa Academy,,
30,Angry Birds,,
31,Angry Bunnies,,
32,Angry Video Game Nerd Adventures,,
33,Anonymous Notes Chapter 3: From The Abyss,,
34,AR Games,,
35,ARC STYLE: Baseball 3D,,
36,ARC STYLE: Happy Ocean,,
37,ARC STYLE: Jazzy Billiards 3D Professional,,
38,ARC STYLE: Simple Mahjong 3D,,
39,ARC Style: Soccer!! 3D,,
40,ARC STYLE: Solitaire,,
41,Arcade Classics 3D,,
42,Arrow of Laputa: A Shadowless Teacher and the Key of Chiron,,
43,Assassin's Creed: Lost Legacy,,
44,Astro!,,
45,Atlantic Quest,,
46,Attack of the Friday Monsters! A Tokyo Tale,,
47,Avenging Spirit,,
48,Azito 3D,,
49,Azure Striker Gunvolt 2,,
0,Balloon Kid,,
1,Balloon Pop!,,
2,Banana Bliss: Jungle Puzzles,,
3,Baseball,,
4,Baseball (3DS VC),,
5,Ben 10 Omniverse,,
6,Bibi & Tina - Das Spiel zum Kinofilm,,
7,Bigfoot,,
8,Bike Rider DX,,
9,BIKE RIDER DX2: GALAXY,,
10,Bikkuri! Tobidasu! Mahou no Pen,,
11,BikkuriMan Kanjuku Haoh: Sanmi Douran Sensouki,,
12,Bionic Commando,,
13,Bird Mania Christmas 3D,,
14,Bit Boy!! ARCADE,,
15,Blast 'Em Bunnies,,
16,Blaster Master,,
17,Blaster Master: Enemy Below,,
18,BLAZBLUE -CLONEPHANTASMA-,,
19,Block Factory,,
20,BloodRayne: The Shroud,,
21,Bloody Vampire,,
22,Bomberman,,
23,Bonk,,
24,Bookstore Dream,,
25,Bookworm Deluxe,,
26,Boulder Dash-XL 3D,,
27,Bowling Bonanza 3D,,
28,Box Boy!,,
29,Box Pusher,,
30,Brainstorm Series: Word Wizard 3D,,
31,Bratz: Fashion Boutique,,
32,Brave Company,,
33,Brilliant Hamsters!,,
34,Brunch Panic,,
35,Bubble Pop World,,
36,BurgerTime Deluxe,,
37,Cake Ninja,,
38,Cake Ninja 2,,
39,Candle Route,,
40,Candy Match 3,,
41,Carps & Dragons,,
42,Castle Clout 3D,,
43,Castle Conqueror Against,,
44,Castlevania III: Dracula's Curse,,
45,Cat Fight,,
46,Catrap,,
47,Chain Blaster,,
48,Chained,,
49,Cheshire Match!,,
0,Chevrolet Camaro: Wild Ride,,
1,Chibi-Robo!: Photo Finder,,
2,Choujin Ultra Baseball Card Battle,,
3,Christmas Sudoku,,
4,Christmas Wonderland 2,,
5,Christmas Wonderland 3,,
6,Chronoblade,,
7,Chuck E. Cheese's Alien Defense Force,,
8,Citizens of Earth,,
9,City Mysteries,,
10,Classic Games Overload: Card & Puzzle Edition,,
11,Cloudy with a Chance of Meatballs 2,,
12,Cocoro - Line Defender,,
13,Cocoto Alien Brick Breaker,,
14,Color Commando,,
15,Color Zen,,
16,Color Zen Kids,,
17,Colourette,,
18,Come On! Dragons,,
19,Comic Workshop,,
20,Conduit 3DS,,
21,Crash-City GP,,
22,Crazy Chicken Pirates 3D,,
23,Crazy Fred,,
24,Crazy Hunter,,
25,Crazy Kangaroo,,
26,Crime Files: The Templar Knight,,
27,Crimson Shroud Read the review,,
28,Crop Circle,,
29,Crystal Caverns of Amon-Ra,,
30,Cube Tactics,,
31,Cubit The Hardcore Platformer Robot,,
32,Curling Super Championship,,
33,Cute Witch! runner,,
34,Darts Up 3D,,
35,Decathlon 2012,,
36,Deep Sea Creatures,,
37,Deer Drive Legends,,
38,Deer Hunting King,,
39,Defense Of Yano,,
40,Demon King Box,,
41,Detective Conan: Prelude from the Past,,
42,Devil Band - Rock the Underworld,,
43,Dillon's Rolling Western,,
44,Dillon's Rolling Western: The Last Ranger,,
45,Diner Dash: Flo on the Go®,,
46,Disney Magical World 2: My Happy Life,,
47,Disney Princess: My Fairytale Adventure,,
48,DJ Hero 3D,,
49,Dogimegi Inryoku-chan,,
0,Donguri Adventure,,
1,Doodle Dash!,,
2,Double Bloob,,
3,Double Dragon,,
4,Double Dragon II: The Revenge,,
5,Downtown Special: Kunio-Kun no Jidaigeki dayo Zenin Shuugou,,
6,Dr. Mario: Miracle Cure,,
7,Dress To Play: Cute Witches!,,
8,Empire Builder: Ancient Egypt,,
9,Epic Mickey: The Power of Illusion,,
10,Escape from zombies,,
11,Escape the Virus: Shoot'Em Up!,,
12,Escape the Virus: Swarm Survival,,
13,Escape Trick: Convience Store,,
14,Escape Trick: Ninja Castle,,
15,escapeVektor,,
16,ESSE Rakuraku Kakeibo,,
17,Eternal Eden,,
18,European Conqueror 3D,,
19,Excave: Sorcerer of the Underworld,,
20,Face Raiders,,
21,Family Bowling 3D,,
22,Family Guy Time Warped,,
23,Family Kart 3D,,
24,Family Table Tennis,,
25,Farming Simulator 2014,,
26,Fast & Furious: Showdown,,
27,Fire Emblem: Ankoku Ryu to Hikari no Tsurugi,,
28,Fish On,,
29,Flip the Core,,
30,Flipper 2,,
31,Fluidity: Spin Cycle,,
32,Flying Turtle,,
33,Fortified Zone,,
34,Fractured Soul,,
35,"Freakyforms: Your Creations, Alive!",,
36,FreeCell - Solitaire Connection,,
37,FreeCell Solitaire,,
38,Freecell Solitaire Pro,,
39,FreeCell Solitaire!,,
40,FreeCell.,,
41,Fruits and Veggies Educational Memory Game,,
42,Fruits vs. Birds,,
43,Fun! Fun! Minigolf TOUCH!,,
44,Gaia's Moon,,
45,GALAXY OF DEATH,,
46,Galaxy Saver,,
47,Game & Watch Gallery,,
48,Games Festival 2,,
49,Garfield Kart,,
0,Gargoyle's Quest,,
1,Ghost Detective: Shida's Ayakashi Case Book,,
2,Ginsei Igo 3D,,
3,Girls' Fashion Shoot,,
4,Glory of Generals,,
5,Glyder,,
6,Golf,,
7,Goooooal Europa 2012,,
8,Gothic Masquerade,,
9,Governor of Poker,,
10,Grand Theft Auto Compilation,,
11,Grinsia,,
12,Groove Heaven,,
13,Guru Guru Tamagotchi!,,
14,Gyokugen Dasshutsu Adv: Zennin Shiboudes,,
15,Hakuoki: Memories of the Shinsengumi,,
16,Halloween: Trick or Treat 2,,
17,Hanging With Friends Free,,
18,Happy Circus,,
19,HarmoKnight Read the review,,
20,Hatsune Miku: Project Mirai,,
21,Hime Girl Paradise: Mechikawa! Agemori Sensation!,,
22,Hooked on Bass Fishing,,
23,Hoppechan: Punitto Shibotte Daibouken,,
24,Hot Wheels World's Best Driver,,
25,Hyu~Stone,,
26,Ice Climber,,
27,Ikachan,,
28,Invasion of the Alien Blobs!,,
29,IronFall Invasion,,
30,Jett Rocket II: The Wrath of Taikai,,
31,Jewel Adventures,,
32,Jewel Quest IV: Heritage,,
33,Jewel Quest Mysteries 3 - The Seventh Gate,,
34,Johnny Hotshot,,
35,Johnny Impossible,,
36,Johnny Kung Fu,,
37,Jump Trials Supreme,,
38,Kabuki Samurai Sensei: Bride of Shadows,,
39,Karous 3D,,
40,Karous: The Beast of Re:Eden,,
41,Kersploosh!,,
42,Kirby's Block Ball,,
43,Kirby's Dream Land,,
44,Kirby's Dream Land,,
45,Kung Fu Dragon,,
46,Kung Fu Panda 2,,
47,Kung Fu Rabbit,,
48,Kuroko no Basuke: Shouri e no Kiseki,,
49,Kuukan Sagashimono Kei: Nouryoku Kaihatsu 3D Nou Training,,
0,Kyaba Jouppi for Nintendo 3DS,,
1,Lady Layton: The Millionaire Ariadone's Conspiracy,,
2,Lalaloopsy Carnival of Friends,,
3,Let's Golf 3D,,
4,Let's Ride: Best in Breed 3D,,
5,Letter Challenge,,
6,Life With Horses 3D,,
7,Lion's Pride: Adventures on the Serengeti,,
8,Little Acorns,,
9,Logos Quiz Game,,
10,Lola's ABC Party,,
11,Lola's Fruit Shop Sudoku,,
12,Lovely Lisa 3D,,
13,Lula Pinball,,
14,Mach Rider,,
15,Madden NFL 12,,
16,Magi: Hajimari no Meikyuu,,
17,Magical Whip: Wizards of Phantasmal Forest,,
18,MahoCole: Mahou * Idol Collection,,
19,Mahou Tsukai to Goshujin-sama: New Ground,,
20,Mameshiba,,
21,Manic Marble 3,,
22,Manic Pumpkin,,
23,Mario and Donkey Kong: Minis on the Move Read the review,,
24,Marshal - Stratego Game,,
25,Marshal Online - Stratego Game,,
26,Martha Stewart,,
27,Marvel Pinball,,
28,Marvel Pinball 3D,,
29,Me & My Furry Patients 3D,,
30,Me & My Pets 3D,,
31,Medarot 3D,,
32,Mega Man 6,,
33,Mega Man II,,
34,Mega Man III,,
35,Mega Man IV,,
36,Mega Man V,,
37,Mega Man Xtreme,,
38,Mega Man Xtreme 2,,
39,Mega Man: Dr. Wily's Revenge,,
40,MEGASTUNT Mayhem,,
41,Men Vs Machines,,
42,Metroid II: Return of Samus,,
43,Mighty Gunvolt,,
44,Mighty Gunvolt Burst,,
45,Mighty No. 9,,
46,Mighty Switch Force,,
47,Mighty Switch Force! 2,,
48,Mini Golf: Wacky Worlds,,
49,Monster Shooter,,
0,Moon Chronicles,,
1,Mots 360,,
2,Motto Me de Unou o Kitaeru: Sokudoku Jutsu 3,,
3,Mutant Mudds,,
4,My Farm,,
5,My Foal 3D,,
6,My Garden,,
7,My Style Studio: Hair Salon,,
8,My Vet Practice 3D - In the Country,,
9,Mysterious Stars 3D: A Fairy Tale,,
10,Mystery Case Files: Ravenhearst,,
11,Mystery Case Files: Retun to Ravenhearst,,
12,Mystery Murders: The Sleeping Palace,,
13,Mystery P.I. ~Kieta Film~,,
14,Nero,,
15,NES Open Tournament Golf,,
16,Nikoli no Puzzle: Hitori ni Shitekure,,
17,Nikoli no Puzzle: Sudoku,,
18,Nikoli no Sudoku 3D Dai-ni-Shuu: 8-tsu no Puzzle de 1000-Mon,,
19,Nikoli no Sudoku 3D: 8-tsu no Puzzle de 1000-mon,,
20,Nikoli no Sudoku V: Shugyoku no 12 Puzzle,,
21,Nintendogs + Cats: Toy Poodle & New Friends,,
22,Ocha-Ken to Itsumo na Kayoshi,,
23,Odesys FreeCell,,
24,Ohno Odyssey,,
25,Okiraku Golf 3D,,
26,Omega Five,,
27,One Piece Unlimited Cruise SP 2,,
28,Osawari Tantei Nameko Daihanshoku,,
29,Othello 3D,,
30,Outback Pet Rescue 3D,,
31,Outdoor Dynamic 3D Hunting,,
32,Pac-Man,,
33,Parking Star 3D,,
34,PathPix Zen,,
35,Paws & Claws: Pampered Pets Resort 3D,,
36,Phantasm (3DS VC),,
37,Photos With Mario,,
38,Picdun 2: Witch's Curse,,
39,Pick-A-Gem,,
40,Picross e,,
41,Picross e3,,
42,Picross e4,,
43,Pirates Assault,,
44,Pivotal Punishment,,
45,PIX3D,,
46,Plain Video Poker,,
47,Planet Crashers,,
48,Planet Crashers 3D,,
49,Pokédex 3D,,
0,Pokémon Battle Trozei,,
1,Pokémon Dream Radar,,
2,Pokémon Picross,,
3,Pokémon Shuffle,,
4,Prince of Tennis II: Go to the Top,,
5,Princess Isabella: Return of the Curse,,
6,Protect Me Knight 2,,
7,Publisher Dream,,
8,Pumpkin Blast,,
9,Pure Chess,,
10,Pushmo,,
11,Puss 'N Boots,,
12,Putty Squad,,
13,Puzzle & Dragons Z,,
14,Puzzle Quest: Challenge of the Warlords,,
15,Pyramids,,
16,Qix,,
17,Quell Reflect,,
18,Quick Fill Q,,
19,Quick Freecell,,
20,Rabbids Rumble,,
21,Rabi Labi Gaiden Witch's Cat,,
22,Rabi x Laby 3,,
23,Race To The Line,,
24,Radar Mission,,
25,Radar Mission (3DS VC),,
26,Renegade,,
27,ReWord - Words With Friends and Word Game Companion,,
28,Rhythm Core Alpha 2,,
29,Rika-Chan 3DS,,
30,Rise of the Guardians: The Video Game,,
31,Rising Board 3D,,
32,River City Ransom,,
33,Robot Rescue 2,,
34,Rockman World (3DS VC),,
35,Runabout 3D,,
36,Rusty's Real Deal Baseball,,
37,Saber Rider and the Star Sheriffs,,
38,Sakura Samurai: Art of the Sword,,
39,Samurai G,,
40,Samurai Sword Destiny,,
41,Scooby Doo! & Looney Tunes Cartoon Universe: Adventure,,
42,Secret Agent Files: Miami,,
43,Severed,,
44,Shakedown Hawaii,,
45,Shinigami Oni,,
46,Shunkan Jump Kentei,,
47,Siesta Fiesta,,
48,Sky Kid,,
49,SKYPEACE,,
0,Smash Bowling 3D,,
1,Smash Cat Heroes,,
2,Sokomania 2: Cool Job,,
3,Soliti Horse,,
4,Sonic Gems Collection,,
5,Spirit Hunters Inc: Light,,
6,Spirit Hunters Inc: Shadow,,
7,Spot It! Mean Machines,,
8,Squids Odyssey,,
9,Starry * Sky: In Autumn - PSP Edition,,
10,Starry * Sky: In Spring - PSP Edition,,
11,Starry * Sky: In Summer - PSP Edition,,
12,Starry * Sky: In Winter - PSP Edition,,
13,SteamWorld Dig: A Fistful of Dirt,,
14,Steel Diver: Sub Wars,,
15,Steel Empire (3DS),,
16,Stretchmo,,
17,Strike Force Foxx,,
18,Sudoku Ball 3DS,,
19,Summoner War,,
20,Super Black Bass 3D,,
21,Super Mario Bros.,,
22,Super Mario Bros. 3,,
23,Super Mario Bros.: The Lost Levels,,
24,Super Mario Land,,
25,Super Mario Land (3DS VC),,
26,Super Mario Land 2: 6 Golden Coins,,
27,Super Punch-Out!!,,
28,Sweet Memories Blackjack,,
29,Tales to Enjoy! Little Red Riding Hood,,
30,Tales to Enjoy! Puss in Boots,,
31,Tales to Enjoy! Three Little Pigs,,
32,Tales to Enjoy! Ugly Duckling,,
33,Tangram Attack,,
34,Tank Beat 3,,
35,Tappingo,,
36,Tappingo 2,,
37,Tennis,,
38,The Band of Thieves & 1000 Pokémon,,
39,The Battle Robo: Daikyoutou Scramble,,
40,The Binding of Isaac: Rebirth,,
41,The Cube,,
42,The Denpa Men 2: Beyond the Waves,,
43,The Denpa Men 3: Rise of the Digi Toll,,
44,The Denpa Men RPG FREE!,,
45,The FreeCell,,
46,The Legend of Dark Witch,,
47,The Legend of Zelda: Link's Awakening DX,,
48,The Legend of Zelda: The Minish Cap,,
49,The Misshitsukara no Dasshutsu: Gakkou no Kyuukousha Hen,,
0,The Mysterious Cities of Gold: Secret Paths,,
1,The Mysterious Murasame Castle,,
2,The Penguins of Madagascar,,
3,The Rainbow Colored Deer Games,,
4,The Sims 3: Showtime,,
5,The Sword of Hope,,
6,The Trash Pack,,
7,Thorium Wars: Attack of the Skyfighter,,
8,Tiny Games - Knights & Dragons,,
9,Titanic: Hidden Expedition,,
10,Toeic Test: Chousoku Training,,
11,Top Trumps NBA All Stars,,
12,Toriko: Gourmet Survival!,,
13,Touch Battle Tank 3D 2,,
14,Toy Stunt Bike,,
15,Travel Adventures with Hello Kitty,,
16,Treasurenauts,,
17,Tribes Fast Attack,,
18,Trip World,,
19,Turtle Tale,,
20,Undead Bowling,,
21,Urban Trial Freestyle,,
22,Vacation Adventures: Park Ranger,,
23,Van Helsing sniper Zx100,,
24,Vector Racing,,
25,Virus Shooter XX,,
26,VS-robo,,
27,VVVVVV,,
28,WAKEDAS,,
29,Weapon Shop de Omasse,,
30,Winter Sports - Feel the Spirit,,
31,Witch and Hero,,
32,Wizard Defenders,,
33,Woah Dave! Read the review,,
34,Wonder World Amusement Park,,
35,Words With Friends Free,,
36,Working Dawgs: A-Maze-ing Pipes,,
37,World Conqueror 3D,,
38,Xeodrifter,,
39,ZEN Pinball,,
40,Zen Pinball 3D,,
41,Zero Time Dilemma,,
42,Zombie Slayer Diox,,
43,Zombie Street,,
44,Zomgeri Panic,,
45,Zone Warrior,,
46,ZoneOut,,
47,Lionel City Builder 3D: Rise of the Rails,,
48,abc,,
49,AeternoBlade,,
0,Akogare Girls Collection: Wan Nyan Doubutsu Byouin Pet no Oisha-san ni Narou!,,
1,Angry Birds Trilogy Read the review,,
2,Asonde Shogi ga Tsuyoku Naru Ginsei Shogi DX,,
3,Attack on Titan: Humanity in Chains,,
4,Blaster Master Zero,,
5,Bloodstained: Curse of the Moon,,
6,Box Box Boy!,,
7,Bugs vs. Tanks!,,
8,Bye-Bye Box Boy!,,
9,Crashmo,,
10,Cup Critters,,
11,Four Bombs,,
12,Galaxy Blaster,,
13,Guide the Ghost,,
14,Gunman Clive,,
15,Gunman Clive 2,,
16,Inazuma Eleven 1-2-3!! Endou Mamoru Densetsu,,
17,Ketzal's Corridors,,
18,Kirby's Blowout Blast,,
19,Kirby's Extra Epic Yarn,,
20,Liberation Maiden Read the review,,
21,OlliOlli,,
22,Paw Patrol on a Roll,,
23,Petz Countryside,,
24,PINK DOT BLUE DOT,,
25,Pixel Hunter,,
26,Pokémon Red/Green/Blue/Yellow,,
27,River City: Rival Showdown,,
28,RollerCoaster Tycoon 3D Read the review,,
29,Sega 3D Fukkoku Archives,,
30,Sega 3D Fukkoku Archives 3,,
31,Sherlock Holmes: The Mystery of the Frozen City,,
32,Shovel Knight: King of Cards,,
33,SpeedX 3D Hyper Edition Read the review,,
34,Spy Hunter,,
35,SteamWorld Dig 2,,
36,Super Destronaut,,
37,Super Little Acorns 3D Turbo Read the review,,
38,Tank Troopers,,
39,The Denpa Men: They Came By Wave,,
40,The Starship Damrey Read the review,,
41,Titan Attacks!,,
42,"WarioWare, Inc.: Mega MicroGame$",,
